name	median_time	iqr	n_runs	max_mem_MB
jtfs	1.7255379930138588	0.004373245523311198	3.0	12967.287109375
mss	0.018400341970846057	0.00025165919214487076	273.0	729.27392578125
mss_rev	0.017154601984657347	0.00022529863053932786	290.0	695.91552734375
rand_mss	0.02961515709757805	0.002846556692384185	17.0	735.0673828125
clap	0.07615125144366175	0.004655611584894359	64.0	2032.3427734375
panns	0.03118612105026841	0.002708331448957324	171.0	1360.05078125
scrapl	0.09326896897982806	0.0032773460261523724	54.0	2503.08154296875
